-- phpMyAdmin SQL Dump
-- version 5.2.1
-- https://www.phpmyadmin.net/
--
-- 主機： 127.0.0.1
-- 產生時間： 2024-02-05 04:46:19
-- 伺服器版本： 10.4.32-MariaDB
-- PHP 版本： 8.2.12

SET SQL_MODE = "NO_AUTO_VALUE_ON_ZERO";
START TRANSACTION;
SET time_zone = "+00:00";


/*!40101 SET @OLD_CHARACTER_SET_CLIENT=@@CHARACTER_SET_CLIENT */;
/*!40101 SET @OLD_CHARACTER_SET_RESULTS=@@CHARACTER_SET_RESULTS */;
/*!40101 SET @OLD_COLLATION_CONNECTION=@@COLLATION_CONNECTION */;
/*!40101 SET NAMES utf8mb4 */;

--
-- 資料庫： `nightmarket`
--

-- --------------------------------------------------------

--
-- 資料表結構 `ad_auto_close`
--

CREATE TABLE `ad_auto_close` (
  `record_id` int(30) NOT NULL,
  `ad_id` int(30) NOT NULL
) ENGINE=InnoDB DEFAULT CHARSET=utf8 COLLATE=utf8_general_ci;

--
-- 傾印資料表的資料 `ad_auto_close`
--

INSERT INTO `ad_auto_close` (`record_id`, `ad_id`) VALUES
(3, 2),
(5, 1),
(6, 1);

-- --------------------------------------------------------

--
-- 資料表結構 `ad_price`
--

CREATE TABLE `ad_price` (
  `ad_id` int(30) NOT NULL,
  `ad_price` int(30) NOT NULL,
  `deadline` int(11) NOT NULL
) ENGINE=InnoDB DEFAULT CHARSET=utf8 COLLATE=utf8_general_ci;

--
-- 傾印資料表的資料 `ad_price`
--

INSERT INTO `ad_price` (`ad_id`, `ad_price`, `deadline`) VALUES
(1, 1500, 14),
(2, 1000, 7),
(3, 500, 14);

-- --------------------------------------------------------

--
-- 資料表結構 `ad_record`
--

CREATE TABLE `ad_record` (
  `record_id` int(30) NOT NULL,
  `ad_id` int(30) NOT NULL,
  `merchant_Id` int(30) NOT NULL,
  `ad_image` varchar(100) NOT NULL,
  `start_date` date NOT NULL,
  `clicks` int(255) DEFAULT NULL,
  `state` varchar(30) NOT NULL
) ENGINE=InnoDB DEFAULT CHARSET=utf8 COLLATE=utf8_general_ci;

--
-- 傾印資料表的資料 `ad_record`
--

INSERT INTO `ad_record` (`record_id`, `ad_id`, `merchant_Id`, `ad_image`, `start_date`, `clicks`, `state`) VALUES
(1, 1, 20, '輪播廣告圖_01.png', '2023-06-14', 141, '下架'),
(2, 2, 19, '加購圖01.png', '2023-02-19', 288, '下架'),
(3, 2, 27, '加購圖02.png', '2024-02-05', 158, '上架'),
(4, 3, 9, '漂浮廣告_01.jpg', '2024-01-05', 417, '下架'),
(5, 1, 14, '輪播廣告圖_02.png', '2024-02-06', 126, '上架'),
(6, 1, 1, '輪播廣告圖_03.png', '2024-02-06', 126, '上架'),
(7, 1, 20, '輪播廣告圖_01.png', '2023-06-14', 141, '下架'),
(8, 2, 19, '加購圖01.png', '2023-02-19', 288, '下架'),
(9, 2, 27, '加購圖02.png', '2024-02-05', 158, '上架'),
(10, 3, 9, '漂浮廣告_01.jpg', '2024-01-05', 417, '下架'),
(11, 1, 14, '輪播廣告圖_02.png', '2024-02-06', 126, '上架'),
(12, 1, 1, '輪播廣告圖_03.png', '2024-02-06', 126, '上架'),
(13, 1, 20, '輪播廣告圖_01.png', '2023-06-14', 141, '下架'),
(14, 2, 19, '加購圖01.png', '2023-02-19', 288, '下架'),
(15, 2, 27, '加購圖02.png', '2024-02-05', 158, '上架'),
(16, 3, 9, '漂浮廣告_01.jpg', '2024-01-05', 417, '下架'),
(17, 1, 14, '輪播廣告圖_02.png', '2024-02-06', 126, '上架'),
(18, 1, 1, '輪播廣告圖_03.png', '2024-02-06', 126, '上架'),
(19, 1, 20, '輪播廣告圖_01.png', '2023-06-14', 141, '下架'),
(20, 2, 19, '加購圖01.png', '2023-02-19', 288, '下架'),
(21, 2, 27, '加購圖02.png', '2024-02-05', 158, '上架'),
(22, 3, 9, '漂浮廣告_01.jpg', '2024-01-05', 417, '下架'),
(23, 1, 14, '輪播廣告圖_02.png', '2024-02-06', 126, '上架'),
(24, 1, 1, '輪播廣告圖_03.png', '2024-02-06', 126, '上架');

-- --------------------------------------------------------

--
-- 資料表結構 `balloon_data`
--

CREATE TABLE `balloon_data` (
  `balloon_id` int(11) NOT NULL,
  `balloon_type` varchar(255) NOT NULL,
  `broken_score` float NOT NULL,
  `balloon_speed` float NOT NULL,
  `image` varchar(255) NOT NULL
) ENGINE=InnoDB DEFAULT CHARSET=utf8mb4 COLLATE=utf8mb4_general_ci;

--
-- 傾印資料表的資料 `balloon_data`
--

INSERT INTO `balloon_data` (`balloon_id`, `balloon_type`, `broken_score`, `balloon_speed`, `image`) VALUES
(1, 'red', 5, 1, 'imgs/Red_Balloon.png'),
(2, 'blue', 10, 0.9, 'imgs/81859c80e3d3ed65f0131f0274f8683ea3bc4b4f.png'),
(3, 'green', 15, 0.7, 'imgs/e92a8b01e5d609ae9d25b8c4012578bdc64604cc.png'),
(4, 'bomb', 0.5, 1.5, 'imgs/e3741723a19cbb9897f9e882f54d3da31e597fb7.png'),
(5, '2x', 5, 0.3, 'imgs/'),
(6, 'clear all', 0, 0.2, 'imgs/png-clipart-star-star-thumbnail.png'),
(8, 'pink', 3, 0.5, 'imgs/apple2.png');

-- --------------------------------------------------------

--
-- 資料表結構 `clear_data`
--

CREATE TABLE `clear_data` (
  `clear_id` int(11) NOT NULL,
  `level_id` int(11) NOT NULL,
  `user_id` int(11) NOT NULL,
  `play_date` date NOT NULL
) ENGINE=InnoDB DEFAULT CHARSET=utf8mb4 COLLATE=utf8mb4_general_ci;

--
-- 傾印資料表的資料 `clear_data`
--

INSERT INTO `clear_data` (`clear_id`, `level_id`, `user_id`, `play_date`) VALUES
(1, 1, 25, '2024-01-07'),
(2, 1, 27, '2024-01-10'),
(3, 2, 28, '2024-01-08'),
(4, 5, 13, '2024-01-03'),
(5, 3, 15, '2024-01-08'),
(6, 4, 30, '2024-01-10'),
(7, 5, 25, '2024-01-11'),
(8, 3, 7, '2023-11-21'),
(9, 5, 35, '2024-01-01'),
(10, 2, 1, '2023-11-20'),
(11, 1, 2, '2023-11-20'),
(12, 3, 3, '2023-11-21'),
(13, 5, 1, '2023-11-22'),
(14, 4, 7, '2023-11-25'),
(15, 2, 9, '2023-11-23'),
(16, 5, 6, '2023-12-01'),
(17, 1, 15, '2023-11-29'),
(18, 3, 9, '2023-12-25'),
(19, 2, 16, '2023-12-03'),
(20, 4, 1, '2023-12-12'),
(21, 1, 4, '2023-12-05'),
(22, 5, 21, '2023-12-16'),
(23, 5, 23, '2023-12-18'),
(24, 3, 10, '2023-12-29'),
(25, 1, 22, '2023-12-31');

-- --------------------------------------------------------

--
-- 資料表結構 `comment`
--

CREATE TABLE `comment` (
  `comment_id` int(100) NOT NULL,
  `custom_id` int(100) NOT NULL,
  `merchant_id` int(100) NOT NULL,
  `service_rating` int(10) NOT NULL,
  `product_ratings` int(10) NOT NULL,
  `content` varchar(500) CHARACTER SET utf8mb4 COLLATE utf8mb4_unicode_ci NOT NULL,
  `recommend_food` varchar(100) CHARACTER SET utf8mb4 COLLATE utf8mb4_unicode_ci DEFAULT NULL,
  `parking` varchar(100) CHARACTER SET utf8mb4 COLLATE utf8mb4_unicode_ci DEFAULT NULL,
  `date` date NOT NULL
) ENGINE=InnoDB DEFAULT CHARSET=utf8 COLLATE=utf8_general_ci;

--
-- 傾印資料表的資料 `comment`
--

INSERT INTO `comment` (`comment_id`, `custom_id`, `merchant_id`, `service_rating`, `product_ratings`, `content`, `recommend_food`, `parking`, `date`) VALUES
(1, 1, 3, 5, 4, '從這家還是在傳統士林夜市裡時就吃到現在，味道不變，只是價格漲了很多，外送的價格也比店內用餐高了些，但是炸天婦羅配小醃小黃瓜片還是一樣好吃，一樣是用新鮮魚漿下去現炸，和市面上的天婦羅口感完全不同，當然如果是在店內用餐，會更好吃，微脆的表皮咬下有魚漿的香味，加上微甜的小黃瓜片，真的很搭配，他家的蚵仔煎，邊邊煎的有些酥脆，煎蛋青菜加上滿滿的蚵仔，再淋上略帶點沙茶味的甜辣醬，一下子就吃光了，至於炒米粉，就比較普通，古早傳統的米粉淋碎滷肉，自己加點辣椒醬，拌一下也很不錯吃，現在點外送平台，滿額還送一杯冰的冬瓜茶。', '松露牛肉堡, 鹽烤薯條 墨式肉醬, 錫蘭紅茶', '附近有機車停車格', '2023-03-13'),
(2, 6, 9, 5, 5, '整體氣氛真的很不錯\r\n熱鬧的夜市感\r\n店內明亮 服務人員也滿親切的！\r\n之後會想內用感受一下氣氛♥️', '黃金蘿蔔糕, 金錢蝦餅', '', '2023-08-29'),
(3, 17, 17, 4, 4, '用餐時間一到店內高朋滿座\r\n甜不辣蠻不錯的但底下滿滿的一層油\r\n臭豆腐上桌溫度稍嫌不夠只有溫溫的\r\n吃起來蠻普通的沒有特別感受\r\n蚵仔煎很脆很香只是醬料有點吃不懂\r\n還點了一個里肌湯挺不錯喝的\r\n但碗裡滿滿的渣渣不知道為什麼？？？\r\n總而言之蠻適合觀光客來嚐鮮多樣台灣小吃\r\n但價格上稍微偏高也沒有想像中好吃', '', '非常難停車', '2024-01-17'),
(4, 8, 4, 4, 4, '剛到士林夜市就看到很多人在排隊，想說晚點再過來吃～沒想到繞完一圈回來就有位置了！吃了綜合煎90$蝦仁只有四個，所以比較推薦蚵仔煎或是蝦仁煎喔～不錯吃。', '', '', '2023-12-20'),
(5, 26, 3, 5, 4, 'IG:doryieat\r\n▪️臭豆腐(小)$35\r\n帶有中藥味的臭豆腐，吃起來很入味\r\n但不是酥脆的，吃起來濕濕軟軟的\r\n▪️生炒花枝羹$100\r\n非常的濃稠，像玉米濃湯\r\n南部口味偏甜\r\n花枝給的很大塊\r\n▪️雞蛋蝦仁煎$80\r\n這個勾芡反而比較少，吃起來就像蝦仁煎蛋', '', '非常難停車', '2023-09-26'),
(6, 11, 3, 2, 3, '炒空心菜，好吃！\r\n生炒花枝羹， 好吃！\r\n麻油豬肚，可以！\r\n蚵仔煎……蚵仔可以，煎不行，蛋過熟，醬不搭。完全不愛！', '黃金蘿蔔糕, 金錢蝦餅', '附近有機車停車格', '2023-12-30'),
(7, 23, 34, 4, 1, '接受信用卡，發票可以存載具，需加收一成服務費\r\n酥皮濃湯無固定出爐時間，只能隨時注意出餐區，但還不錯喝\r\n蛤湯味道普普，蛤很小\r\n竟然有花好月圓（炸湯圓）很特別😂\r\n牛排滿差的，5分熟的肉也還是很難嚼', '酥皮濃湯', '附近有機車停車格', '2023-06-12'),
(8, 18, 9, 4, 3, '種類雖不及我家的菜色多 但是品質都不錯 而且會不斷更換菜色 340元 純吃沙拉吧 非常超值', '', '', '2023-04-03'),
(9, 15, 17, 5, 5, '今天去用餐的感受是⋯⋯餐點普普的，沒有很有特色，吃粗飽的可以，如果要吃精緻的這裡比較不適合，餐點選擇性不多，可是有比別家好一些，不過主餐的豬排好乾好澀，完全不想吃，吃一片完就請服務人員收走，這裡有收一成服務費的，假日用餐只有100分鐘', '', '超難停車', '2023-03-15'),
(10, 39, 8, 4, 4, '面試完時間很尷尬，很接近下午茶感覺有快結束，從樹林繞到龜山萬壽路，又騎到新莊公園一路，看到貴族世家，好像以前有吃過板橋雙十路的店、也吃過萬壽路在迴龍店，這次來吃看看體育館店吧！至少有營業…\r\n點了厚切牛排，超多筋這肉訓練牙齒嗎？超多油又多筋，算了不計較，就浪費的吃…我只能說牛排比安格士好吃，只是熟食料理也是讓我好翻白眼，厚豆干、海帶、毛豆、太多很便宜的食物，感覺黑白切的料，再來是熟食我看了所有，我只搖桂竹筍（好便宜貨的嘴)、麵包、水果、挫冰、冰淇淋、可以用夾子點的，我點了蝦捲只給一條、剝皮雞湯、燙花椰菜、薑絲蛤蠣…我喝過同一家好吃的…無言誰叫自己時間不上不下的。花了572元感覺沒有高cp值，只能說不對我的味道。\r\n但喜歡吃到飽，不選擇食材的朋友可以吃吃。', '', '', '2024-01-22'),
(11, 3, 9, 4, 5, '很久沒有吃到雞吃飯入口時，雞汁香氣衝出於口中，飯粒軟卻不爛。這次點的煙燻雞肉，口感紮實，適合喜歡有咬勁的雞肉。溏心蛋細密入味。湯品用傳統陶器承裝，保溫效果很好。\r\n店家貼心地準備籃子裝雞骨頭，不會弄得到處都是，是很少見的細節。能夠看見店家的用心，推推～', '', '附近有計時停車場', '2023-05-25'),
(12, 1, 7, 2, 4, '第一次來吃這間 感覺不錯吃\r\n實際上吃了米心沒有熟的飯 反應了2次被店員白眼了感覺真差\r\n真的是一顆星都不想給 …', '', '', '2023-10-19'),
(13, 21, 8, 4, 2, '外帶這樣賣255有沒有搞錯 我到山上抓一隻雞都沒這麼扯= =我還再三確認好幾次到底有沒有漏掉 結果還真的只有六塊肉 太猛了 真的花錢買經驗', '', '', '2023-02-12'),
(14, 22, 7, 4, 4, '雞油飯很香，鹹中帶甜，飯粒Q彈。\r\n煙燻雞腿香氣十足，有肉汁、不柴、嫩，是好吃的土雞腿。我選的是泰式醬料，夠辣、夠酸、夠泰，讓土雞腿吃起來完全不會膩，但是，還蠻辣的，不吃辣的朋友不要點。\r\n溏心蛋，中規中矩，優點是能沾醬，更添風味。\r\n湯，蠻驚豔的，好喝，感覺是食材好，才煮出這種味道，可惜忘記拍照了。\r\n缺點，漬物的量也太少了點...\r\n整體來說，很讚，會再訪。', '', '', '2020-10-19'),
(15, 1, 27, 2, 1, '吃飯的過程腳下出現一直超大蟑螂，真噁心，最後那大蟑螂泡到花瓶裏面睡覺。\r\n金燻定食 300元就被這大蟑螂搞得心情不好。', '', '附近有計時停車場', '2023-02-27'),
(16, 8, 30, 4, 3, '因為凌晨真的找不到東西所以大家都來了\r\n早上三點半一樣超級多人\r\n店家快忙不過來沒時間理客人\r\n點餐要先去桌子拿紙自己寫之後會有人來收\r\n餐都是一個菜色全部桌同時發下去\r\n所以如果工作人員經過是在發你有點的\r\n舉手大叫就對了\r\n晚上在這裡是吃個氛圍 味道就普普通通啦', '松露牛肉堡, 鹽烤薯條 墨式肉醬, 錫蘭紅茶', '附近有計時停車場', '2021-02-21'),
(17, 25, 14, 5, 3, '炒蛤蜊都是殻\r\n菜都普普\r\n但點菜方式很特別，寫好數量店家會一次炒\r\n店家沒有先來後到的問題，先喊先贏，攻略是盡量坐在炒爐旁邊的位置，喊菜時要大聲，手要舉直，好似舉手跟老師說你要上廁所那樣洪亮！端菜的很猛，都一次端9盤，很有趣的體驗～', '黃金蘿蔔糕, 金錢蝦餅', '', '2021-04-30'),
(18, 18, 35, 2, 3, '個人覺得餐點還有很大的進步空間!\r\n\r\n號稱現點現做的料理，蝦捲、魚排卻都是冷的，薑絲蚵蠣湯有臭味不新鮮，楊枝甘露寡淡，西米露很糊爛。\r\n檯面上的菜式不多，熟食區保溫效果不佳，很快就冷掉了。飲料也很淡。', '', '', '2024-01-25'),
(19, 8, 20, 5, 4, '令人敬佩的好芳鄰—菲斯特，憶起在疫情時開幕，起初賣的餐點較簡單，挺過疫情，佳餚升級成華麗且更味美；小編K在同仁的推薦下，變成忠實主顧，今年第三次造訪，一樣大推冰淇淋披薩，甜滋滋的好味令人充滿幸福感😍感謝上天賜君悅就近品嚐好滋味的方便', '水牛城雞翅烤', '', '2022-09-12'),
(20, 9, 29, 4, 3, '隱藏在工業區的泰國料理\r\n用餐時間就只能登記在門口等待\r\n建議提早打電話留位子才不會這麼累\r\n吃服務態度那套的客人不要太玻璃心\r\n請迴避 姐姐們都不會太客氣的應答\r\n店員雖然多 因為客人太多都很忙\r\n但是只是口氣上的問題 其實都還是很好的對話\r\n\r\n炒粿條鹹香軟Q稍油了一點\r\n打拋雞肉吃起來很像涼拌雞絲拌飯\r\n月亮蝦餅厚實有咬勁\r\n酸辣湯蝦子花枝給的很多\r\n價錢也不貴，都是百元價錢', '滷豬腳, 鹹酥雞', '', '2021-12-21'),
(21, 18, 10, 5, 4, '炒飯、乾炒粄條、泰式炒河粉、蝦醬空心菜味道不錯，但豬肉片、雞胸都蠻乾的。\r\n小孩抱怨為何上次內用炒飯有附小黃瓜，外帶卻沒有？\r\n有次打電話要去訂幾天以後的位置，接電話的婦人講台語，說中午忙碌，要下午再打來，直接去餐廳了，她又說現在忙，晚點再打電話來，可是她在櫃檯看起來真的不忙（也沒人在結帳），她可能怕老闆生意太好了，幫老闆過濾掉一些客人！', '', '', '2023-07-01'),
(22, 20, 15, 5, 5, '餐點味道都還滿泰的，蝦餅厚實好吃！椒麻雞我個人沒有很喜歡。生蝦有辣但是辣得很讚！涼拌海鮮也是。泰奶也很好喝！價格都還算親民，推薦！可以先電話預訂', '', '附近有計時停車場', '2020-04-11'),
(23, 21, 16, 5, 4, '五星 味道非常的泰\r\n\r\n點了七道菜跟泰式奶茶，除了月亮蝦餅本人不是泰國菜，所以是真的不好吃之外，其他菜的口味都很棒，酸辣重口味，同行友人是泰國旅遊的狂熱者，說很不錯，冬陰功好喝，檸檬魚很便宜，但略有點土味，會擔心的可以避開，放開來吃到超飽還是很便宜，推推', '', '', '2021-02-25'),
(24, 39, 37, 3, 4, '以為是還有韓式燒烤去現場才發現只剩火鍋類，還有食材蔬菜、火鍋料、肉類，泡麵多種還有蛋🥚、牛肉丼飯，飲料，冰品吃較不好吃而已，沒有海鮮類，這些吃到飽價位算普通也沒有算一成服務費，服務人員妹妹都很不錯👍', '', '', '2023-11-29'),
(25, 3, 3, 4, 1, '以為是還有韓式燒烤去現場才發現只剩火鍋類，還有食材蔬菜、火鍋料、肉類，泡麵多種還有蛋🥚、牛肉丼飯，飲料，冰品吃較不好吃而已，沒有海鮮類，這些吃到飽價位算普通也沒有算一成服務費，服務人員妹妹都很不錯👍', '', '', '2023-05-12'),
(26, 9, 7, 4, 5, '以為是還有韓式燒烤去現場才發現只剩火鍋類，還有食材蔬菜、火鍋料、肉類，泡麵多種還有蛋🥚、牛肉丼飯，飲料，冰品吃較不好吃而已，沒有海鮮類，這些吃到飽價位算普通也沒有算一成服務費，服務人員妹妹都很不錯👍', '', '', '2024-01-14'),
(27, 3, 18, 4, 3, '吃到飽的火鍋，價格合理，肉品跟青菜的種類都蠻多的，吃起來也蠻新鮮的。生日還有送肉蛋糕很可愛。服務不錯，CP值高，推推！', '', '', '2022-07-24'),
(28, 21, 23, 2, 5, '吃到飽的火鍋，價格合理，肉品跟青菜的種類都蠻多的，吃起來也蠻新鮮的。生日還有送肉蛋糕很可愛。服務不錯，CP值高，推推！', '', '', '2022-08-26'),
(29, 36, 6, 5, 2, '吃到飽的火鍋，價格合理，肉品跟青菜的種類都蠻多的，吃起來也蠻新鮮的。生日還有送肉蛋糕很可愛。服務不錯，CP值高，推推！', '', '', '2022-04-01'),
(30, 2, 15, 1, 4, '吃到飽的火鍋，價格合理，肉品跟青菜的種類都蠻多的，吃起來也蠻新鮮的。生日還有送肉蛋糕很可愛。服務不錯，CP值高，推推！', '', '', '2022-02-18'),
(31, 33, 29, 1, 3, '東西變少了😓😓，\r\n炸物~~真的不行，冷冷的、皮硬硬的；\r\n天氣🥶冷，冷菜一堆，感覺很不合適；\r\n🐷 腳軟嫩，🦈 肉還不錯！\r\n楊枝甘露 😍😍 不錯喝，可惜用 味增湯碗裝，徹底讓 美味 扣分；\r\n🍰 選擇還算多，不算特別，有的還 乾乾的😓😓。\r\n只能說，CP 值弱掉了，如果能打掉重練，就不會浪費 店的優勢。😁😁', '酥皮濃湯, 薑絲蛤蜊湯', '有停車場', '2023-05-15'),
(32, 10, 36, 4, 3, '寧夏夜市棒棒棒，劉芋仔老闆超厲害，有但有豬有芋頭唷', '蛋黃芋餅，香酥芋丸', '附近有很多停車場，要不要收費不知道', '2023-10-28'),
(33, 15, 32, 5, 5, '寧夏夜市棒棒棒，劉芋仔老闆超厲害，有但有豬有芋頭唷', '蛋黃芋餅，香酥芋丸', '附近有很多停車場，要不要收費不知道', '2023-03-10');

-- --------------------------------------------------------

--
-- 資料表結構 `comment_image`
--

CREATE TABLE `comment_image` (
  `image_id` int(30) NOT NULL,
  `name` varchar(100) NOT NULL,
  `comment_id` int(30) NOT NULL
) ENGINE=InnoDB DEFAULT CHARSET=utf8 COLLATE=utf8_general_ci;

--
-- 傾印資料表的資料 `comment_image`
--

INSERT INTO `comment_image` (`image_id`, `name`, `comment_id`) VALUES
(1, '評論照01.png', 5),
(2, '評論照02.png', 5),
(3, '評論照03.png', 5),
(4, '評論照04.png\r\n', 2),
(5, '評論照05.png', 2),
(6, '評論照06.png', 2),
(7, '評論照07.png', 2),
(8, '評論照08.png', 20),
(9, '評論照09.png', 26),
(10, '評論照10.png', 26),
(11, '評論照11.png', 26);

-- --------------------------------------------------------

--
-- 資料表結構 `custom`
--

CREATE TABLE `custom` (
  `custom_Id` int(11) NOT NULL,
  `custom_name` varchar(20) NOT NULL,
  `custom_email` varchar(30) NOT NULL,
  `custom_authorId` varchar(1) NOT NULL,
  `custom_date` datetime(6) DEFAULT NULL,
  `custom_image` longblob DEFAULT NULL,
  `custom_password` varchar(30) NOT NULL,
  `custom_account` varchar(30) NOT NULL
) ENGINE=InnoDB DEFAULT CHARSET=utf8mb4 COLLATE=utf8mb4_general_ci;

--
-- 傾印資料表的資料 `custom`
--

INSERT INTO `custom` (`custom_Id`, `custom_name`, `custom_email`, `custom_authorId`, `custom_date`, `custom_image`, `custom_password`, `custom_account`) VALUES
(1, '張紹涵', 'mdaer3231@gmail.com', '1', '2024-02-02 11:43:02.000000', NULL, 'acdaAe123', 'acdefac'),
(2, '王安石', 'mfadf123@gmail.com', '1', '2024-02-02 11:43:02.000000', NULL, 'CdaAe124', 'adfa'),
(3, '周潤發', 'de123@gmail.com', '1', '2024-02-02 11:43:02.000000', NULL, 'acdaAe125', 'vdfad'),
(4, '裝闊', 'mecor122@gmail.com', '1', '2024-02-02 11:43:02.000000', NULL, 'acdaAe126', 'ewewef'),
(5, '梁文因', 'mcdsea32@gmail.com', '1', '2024-02-02 11:43:02.000000', NULL, 'acdaAe127', 'amdey'),
(6, '周小小', 'mdwfaae3421@gmail.com', '1', '2024-02-02 11:43:02.000000', NULL, 'acdaAe128', 'deaefm'),
(7, '王永慶', 'dfla123@gmail.com', '1', '2024-02-02 11:43:02.000000', NULL, 'acdaAe129', 'calde'),
(8, '張伯勳', 'dacambaae87e9@gmail.com', '1', '2024-02-02 11:43:02.000000', NULL, 'acdaAe130', 'lafcm'),
(9, '林俊傑', 'dacambaae87de10@gmail.com', '1', '2024-02-02 11:43:02.000000', NULL, 'acdaAe131', 'aewek'),
(10, '黃以林', 'acdacambaae87e11@gmail.com', '1', '2024-02-02 11:43:02.000000', NULL, 'acdaAe132', 'lqedaf'),
(11, '將萬安', 'dcaaae87e12@gmail.com', '1', '2024-02-02 11:43:02.000000', NULL, 'acdaAe133', 'dowe'),
(12, '柯文哲', 'dacamfdace13@gmail.com', '1', '2024-02-02 11:43:02.000000', NULL, 'acdaAe134', 'dmae'),
(13, '林光頭', 'dadcwer234@gmail.com', '1', '2024-02-02 11:43:02.000000', NULL, 'acdaAe135', 'amcae'),
(14, '周杰倫', 'favafeweer42@gmail.com', '1', '2024-02-02 11:43:02.000000', NULL, 'acdaAe136', 'epafd'),
(15, '周曉倫', 'dacaacdw326@gmail.com', '1', '2024-02-02 11:43:02.000000', NULL, 'acdaAe137', 'amadle'),
(16, '周曉曉', 'dacafad24r@gmail.com', '1', '2024-02-02 11:43:02.000000', NULL, 'acdaAe138', 'aopeqe'),
(17, '琦君', 'dacadvaw3e18@gmail.com', '1', '2024-02-02 11:43:02.000000', NULL, 'acdaAe139', 'afjma'),
(18, '蔡依林', 'dacaafavhry23239@gmail.com', '1', '2024-02-02 11:43:02.000000', NULL, 'acdaAe140', 'aofijael'),
(19, '蔡英文', 'dadad2320@gmail.com', '1', '2024-02-02 11:43:02.000000', NULL, 'acdaAe141', 'almflae'),
(20, '李連杰', 'nfrwae87e21@gmail.com', '1', '2024-02-02 11:43:02.000000', NULL, 'acdaAe142', 'smfpe'),
(21, '李延義', 'dacads232ad@gmail.com', '1', '2024-02-02 11:43:02.000000', NULL, 'acdaAe143', 'afmla'),
(22, '劉冠良', 'daafe3@gmail.com', '1', '2024-02-02 11:43:02.000000', NULL, 'acdaAe144', 'dlamfdl'),
(23, '林俊毅', 'dacamdfng324@gmail.com', '1', '2024-02-02 11:43:02.000000', NULL, 'acdaAe145', 'dfamlfe'),
(24, '王金娟', 'dadgrw123@gmail.com', '1', '2024-02-02 11:43:02.000000', NULL, 'acdaAe146', 'almflae'),
(25, '林鳳珠', 'htdfb123@gmail.com', '1', '2024-02-02 11:43:02.000000', NULL, 'acdaAe147', 'ldkf'),
(26, '黃美秋', 'iutaae87e27@gmail.com', '1', '2024-02-02 11:43:02.000000', NULL, 'acdaAe148', 'faem'),
(27, '楊俊彥', 'dackgtyt45@gmail.com', '1', '2024-02-02 11:43:02.000000', NULL, 'acdaAe149', 'mdaea'),
(28, '陳靜揚', 'd54dggsf9@gmail.com', '1', '2024-02-02 11:43:02.000000', NULL, 'acdaAe150', 'mewf'),
(29, '富昱薇', 'bdsfew1267@gmail.com', '1', '2024-02-02 11:43:02.000000', NULL, 'acdaAe151', 'dapw'),
(30, '張倩彥', 'fdabjyte1233@gmail.com', '1', '2024-02-02 11:48:26.000000', 0xffd8ffe000104a46494600010100000100010000ffdb008400090607131211121312131515121615171a191817181516181a181816181618171515181d2820191a251b171621312125292b302e2e171f3338332c37282d2e2b010a0a0a0e0d0e1a1010172d1d20262d2f2d2f2d2d2d2d2d2d2d2e2d2b2d2d2d2d2d2d2d2d2d2d2d2d2d2b2d2d2d2d352d2d2d2d2d2f2d2d2d2e2b2e2d2e2d352dffc0001108012f00a603012200021101031101ffc4001b00010003010101010000000000000000000001020503040607ffc4003810000201010407080201020603000000000001021103213141045161718191a105122232b1c1d1f013e1f182b22333425272c24392a2ffc4001a010101010101010100000000000000000000010504020603ffc40029110100020200050304020300000000000000010203041112132131054151718191b13361222332ffda000c03010002110311003f00fdc4000000000000000000000000000449d155dc919d69dacabe18b6b5b74e4b1e7438769695df7dd5e54efdad7b2f5dc674ed31a5e963f0b6997b3bb316e5c7f91f47a2e951b45762b14f14773e6ece6e2d4a2e8d7da3d68d9d074f8da2d52d5af6c5e68fdf5b6e327f8dbb4fec7ac007680000000000000000000000001c748d26305e274d4b16f723876869bdcf0c7cefa2d6cc76eadb6eade2de2716cee4639e5af791edb7ed39bf2f856da37f0ba9e6969f68d77652a57524abc57e8e656d1aa5f81976d9cb6f3695e089c6ea2fbb098bbae1675a2a94b27935474aef79f5f53f014ee24ef554b656e6db545d391d2d25755529ce9b684d9e2deda705fba93dc55ad1540eb0b7b44bcf2e75f5353b2f4994fbca57b54bf0b9d71e4cc8161a63b39785c6f5475bf0bd60d531675ebeccd2f13699e03e941cb459ca504e4a8de5e97657640dc89e31c51d40050000000000000396936ca11727965ade4b99d4c5ed8b76e6a2b08e3b5b5ecbd4fc3632f4b1cdbf03c368e4db93756dd5e1d3861b9131927f7d84655d8f515b48e0d629fdbcf9f9999eeae8735e67b953a92ad171d4c4a38358905caca29e2aa445bad197288483655cf257bfb8b23b95c5f0cbf64050efca292ad6ab34ab77b266f689a04614ce5af57fc56478fb1eceb294b524971c7d17335cd7d1c158af5263bca0003440000000000000038697a4ab38d5def25ad92d68ac71915d374a5671d72782f77b0f9dfcaf09349b79bab6dbc52a66cf45ada39372962fed16c39ce355430b6b62735bb788f0aabb2bd3ef3e9f07439f7e9e6e693a7e8e87288946a56cdd56dbd722e739dcd3e0f8e1d7d4037495faa8b7d7deee45a534b12b6de57f78168c12fe5bf5022c5522b71700a34bb15f9d6d4f9aa7b334cc3ecdb5eeda2d52b9efc575bbfa8dc3734af16c511f08000eb000000000000112745578181a55bfe49396584777cbc796a3d1da7a6f79bb38e0b17ae8f05b13c7ed7c4646eec734f257c4795800067aa96be57b8b5035529f8a3a971bdf364474224ab89c9b516b049e587144a7de6f52ebfafd80b08aa573abbf1cf5e67500a0000a9b34dca2963de8d39a75e18f03e90caec8b0ab737ba3eefdb83354dad1c735c7c67dde4001da00000000078fb4f48ee468bcd2b96c59bfb9b47b0c1d3adbbf692792f0ae18f5af2472ede5e9e3ede67b0f2ca175d7530d8233c9dcfee0f32e4355c4c1549495a258b4428b583bb6df4dc5a11a576ff004a75c0aca592c7a2fba83b35abe39164a980158c2fab75e5ec251beab1e858aca692af2dbb1015efb4ef55bb2cbe732ca699308d37e64c9571029f96f7a9678de5d3ae17d6e5bddcba9118d1511e8eceb052b58ba797c4fd1578dfc19fa63a4def15f91b96366a3151582542e01f4711c3b20002800000044a4926ddc962079bb4749ee42ef33b97cf0f8d66059d55da92fbd0f46936ee72727c16a5f39ff000709c706b15f6860ede7eadfb788f0ab829193ab4f675fe0b9cca0394db7549e0baeafbac95079c9f4f82225da2def65e4775bc5f0577379978aa12073959c526daad35def9b1085f569274cbdde781729659eaaddf7781d0005512c92ab7725b4ddd0746fc71a63277b7b766c467f6459a7393ff6a54feaaaaf25d4d835b430c457a93e65e64001a200000000065f6be91ff8d6f97b2f7fe4f7e936ca11727965ade4b99f3ee4db6ddedbabde706f67e4af24799fd0000c77a71b48f895ed3a637e5d33cf596f16c7cd7c931c5bd577bfbf42e445611a2a1600aa0000a5a61be8b9ba1648adae5bd7ad7dba97220002abd7d92ffc5df175e0d53d5f3368cbec6b3be72dd15eafd572350dcd2acc618e2f2000eb0000000f1f69e91dd85179a572d8b37f7368f37bc52b369f619fda9a439ca917e18bde9cb06f861ccf1d25ad727f259224f9dcb92725a6d2aa5fb1f41f916de4cb83f31c7f251efcaf4f555278ac0ec739799717edee7400002a800039e32dd4e77d78d29cce8523736b2c79fdf52e44086c93b68565deb48ac9789ee5fba1ee959bda2b1ee36342b1ee4231ce97ef77beacee01f49588ac444200028000018bdab3ada53fda92e2ef7d3bbc8da3e7bb45b56d6975de1dfe5596a387d427862fb8e65653a6fd5995fc95f2dfaefa70c0984699d5eb3154ef3d5cdfc5446793b9faee61da259fc7164b49ed405655ad695bb8f5e1c88568eaea9f0bcb7e25ab9553e68461475ab02d19549290c65c3d1172a843624e85316aec2b8addac889b3cdebc372faf99700aa1a5d8b67e796d4b92afbf4334dbecb8d2ca3b6af9b6fdcedd0af1cbc7e2125ea001b4800000000187da7fe6cb72f4370f9fd3ed17e69adabfb56070fa84ff00aa3ea3910c894a85559e72bdf3a6c462aab14d51552f57c1fece918d125a87e35a972456caeb9f0ddfaf803a005652a1555b454bead65752f223096726b65cfd8b45377be0b56fda5888e747de55be97f3bb0d7762753959dd73c5e78d7e371d40000aaa39ea55a703e8741ff2acff00e11f447ced9d5d699ba476b7fba9f4f670a24b524b91a5e9b1ded2f2b000d50000000003e6edfc529377a72972aba74a1f41a45af761296a4df247ce415125b0ccf51b7fcd48230a6be379600cb7a0e6bccf72f57fa3a159453c527bc22939a6d2ae74b9dfd0b46cd2bf17ad90955ec5ebfabce840292964b1e8bf7b0b9cecb0aeb75f65d10112852fbdb5f5aa605e334f069962b282788162968f2cdddf3d0883a5cf86d5f24ffab72f57fa0343b22c2b272ca172ded7b2fee360f0f63aff000ebae52e8fbbec7b8dfd4a45715787bf7fca0003a4000000006676dda35dd5845d5bdea945eaf81987d2ca29e2ab9f132bb534451f1c552ae8d657e7bebea666e6b5a667244fd87800065bd05272c963e9b589bc962fa2d64c62960444c55150900aa14b1f2adc88b4beed69fb2bb997222400554495712aa2955dfd5973d3d9da3f7e757e58def7e4bdf82d67bc78e725a2b08d5d0ac7b96718bc697ef77bead9dc03e8eb1158888400050000000003c9dad1ad94a9951f0524df44cf590d5713cdebcd59afc8f98f16c5cdfc0a3d6b82f9677d26c7b9271c961b9e1f1c0e67cddab35998955230a66defa172b68e8aec72de47e3daf99e443b4d8e9af2255a2fa9d39964852ea64073b49a4d5eb573a5e7528eceea7eefad6f10956b5c9817001553083934a2aadfdabd48ded12c1422a2b8bd6f3679fb22ca90ef67275e0ae5c33e27b8dad3d78a579e7ccbc8003b4000000000000000066f6d42e84b6b5c1aaffd51986f69b61df838ac715bd5e8c0fbf2998dbf4e1939be5615b4cb7ff3d2a5ca4bccb73e777c32e7000052d1dd762eefd954efd705c5dc898468b9f575252a5c49110cf668fd9b2979bc31ff00ebf5f6e3a7645855b9bcae8efcdfb73358d3d5d3adab17bfe0446292495c91201aa80000000000000000000019bda5a157c7057ffa96bdab6eccfd7481f9e5c55c95e5b0f96ad5ad97f3aa5ee7435f4becd8c9b947c3278ea7bd7bfa9976d63283a49536e29ee66266d5be2f3de3e554296993d4ff005ee5cacd5ceb76dd5b4e716224c8b37547a341b2ef5a4564bc4ffa70eb43d52b37b4563dc6d68b65dc8463a95fbf37cea7500fa488888e108000a000000000000000000000000056d2cd49352554cb01e47cfe97a3bb395314ef4f5adbb57c1c271aae5d1d4dfd3b47efc1aff52bd6ff00de1c4c14cc2dbc1d2bf6f12b0884aabeeb34fb161e796e5c955faae464f75a6e946b5614c30eba8daec4f24b2f1bfed8974638e681a0003710000000000000000000000000000000003e7f4c8776d26b6d79aef3ead9f406069b69deb49bdb4ffd6e7d6a707a870e9c7d4871357b1bc92ff9ff00d62651add8d1f049eb93e8947d5339343f97ecb2f7800da4000000000000000000000000000000000c1d3aca96ad46aeb474db26eee7ea6f1ce561172526bc4b07f789cfb183ab588fec6042159a8cab1f124f5aafcddccfa1b3828a492a2471d2f428da79aa9eb5733d079d6d7e8cdbdffbf70001d4000000000000000000003fffd9, 'acdaAe152', 'afmla'),
(31, '權凱聿', 'dacadafm654@gmail.com', '1', '2024-02-02 11:43:02.000000', NULL, 'acdaAe153', 'amcad'),
(32, '邱宜靜', 'dad5fse33@gmail.com', '1', '2024-02-02 11:43:02.000000', NULL, 'acdaAe154', 'acme'),
(33, '陳志玟', 'fsdv34@gmail.com', '1', '2024-02-02 11:43:02.000000', NULL, 'acdaAe155', 'aewmfa'),
(34, '藍水年', 'afdwe17e35@gmail.com', '1', '2024-02-02 11:43:02.000000', NULL, 'acdaAe156', 'afekw');

-- --------------------------------------------------------

--
-- 資料表結構 `custom_bg`
--

CREATE TABLE `custom_bg` (
  `bg_id` int(11) NOT NULL,
  `bg_name` varchar(20) NOT NULL,
  `bg_email` varchar(50) NOT NULL,
  `bg_password` varchar(100) NOT NULL
) ENGINE=InnoDB DEFAULT CHARSET=utf8mb4 COLLATE=utf8mb4_general_ci;

--
-- 傾印資料表的資料 `custom_bg`
--

INSERT INTO `custom_bg` (`bg_id`, `bg_name`, `bg_email`, `bg_password`) VALUES
(1, 'aaa', 'jennyddd@gmail.com', '1'),
(2, 'amey', 'ddd@g.com', '$2y$10$txh5QZgIwaeRzKyC/BKFz.8vIxvz/MaNwZ4C.NmfpA690BLZ1ybr6'),
(3, 'aaa', 'jennyddd@gmail.com', '1');

-- --------------------------------------------------------

--
-- 資料表結構 `game_data`
--

CREATE TABLE `game_data` (
  `level_id` int(11) NOT NULL,
  `time_limit` int(11) NOT NULL,
  `get_point` int(11) NOT NULL,
  `require_score` int(11) NOT NULL
) ENGINE=InnoDB DEFAULT CHARSET=utf8mb4 COLLATE=utf8mb4_general_ci;

--
-- 傾印資料表的資料 `game_data`
--

INSERT INTO `game_data` (`level_id`, `time_limit`, `get_point`, `require_score`) VALUES
(1, 15, 2, 100),
(2, 50, 2, 300),
(3, 30, 1, 200),
(4, 30, 1, 150),
(5, 20, 1, 200),
(10, 20, 3, 300);

-- --------------------------------------------------------

--
-- 資料表結構 `good`
--

CREATE TABLE `good` (
  `good_id` int(30) NOT NULL,
  `custom_Id` int(30) NOT NULL,
  `comment_id` int(30) NOT NULL
) ENGINE=InnoDB DEFAULT CHARSET=utf8 COLLATE=utf8_general_ci;

--
-- 傾印資料表的資料 `good`
--

INSERT INTO `good` (`good_id`, `custom_Id`, `comment_id`) VALUES
(1, 1, 11),
(2, 20, 17),
(3, 1, 12),
(4, 29, 12),
(5, 29, 5),
(6, 29, 13),
(7, 22, 13),
(8, 13, 17),
(9, 27, 20);

-- --------------------------------------------------------

--
-- 資料表結構 `orders`
--

CREATE TABLE `orders` (
  `order_id` int(11) NOT NULL,
  `custom_Id` int(11) NOT NULL,
  `order_date` datetime NOT NULL,
  `order_amount` int(11) NOT NULL,
  `discount` int(11) NOT NULL,
  `point_redeemed` int(11) NOT NULL,
  `total_amount` int(11) NOT NULL,
  `payment_method` varchar(50) NOT NULL,
  `refund_status` varchar(20) DEFAULT NULL
) ENGINE=InnoDB DEFAULT CHARSET=utf8mb4 COLLATE=utf8mb4_general_ci;

--
-- 傾印資料表的資料 `orders`
--

INSERT INTO `orders` (`order_id`, `custom_Id`, `order_date`, `order_amount`, `discount`, `point_redeemed`, `total_amount`, `payment_method`, `refund_status`) VALUES
(1, 1, '2023-11-16 00:00:00', 1180, 0, 0, 1180, '信用卡', NULL),
(2, 2, '2023-11-29 00:00:00', 480, 0, 0, 480, '信用卡', NULL),
(3, 3, '2023-12-09 00:00:00', 850, 0, 0, 850, 'Line_pay', NULL),
(4, 1, '2023-12-20 00:00:00', 310, 0, 0, 310, '信用卡', NULL),
(5, 4, '2024-01-03 00:00:00', 540, 0, 0, 540, 'Line_pay', NULL),
(6, 2, '2024-01-16 12:38:13', 360, 0, 0, 360, '信用卡', NULL),
(9, 2, '2024-01-16 12:38:13', 180, 0, 0, 180, '信用卡', NULL),
(13, 4, '2024-02-01 08:44:51', 1100, 0, 0, 1100, '信用卡', NULL),
(14, 6, '2024-02-01 08:49:27', 840, 0, 0, 840, '信用卡', NULL),
(15, 1, '2024-02-01 08:54:44', 660, 0, 0, 660, '信用卡', NULL),
(16, 5, '2024-02-01 09:17:35', 880, 0, 0, 880, 'Line_pay', NULL),
(17, 4, '2024-02-01 11:50:24', 570, 0, 0, 570, '信用卡', NULL),
(18, 3, '2024-02-01 11:55:00', 400, 0, 0, 400, 'Line_pay', NULL),
(19, 5, '2024-02-01 11:55:36', 245, 0, 0, 245, '信用卡', NULL),
(20, 3, '2024-02-01 11:56:54', 380, 0, 0, 380, '信用卡', NULL),
(21, 6, '2024-02-01 11:57:27', 750, 0, 0, 750, '信用卡', NULL),
(22, 3, '2024-02-01 11:58:34', 345, 0, 0, 345, 'Line_pay', NULL),
(23, 5, '2024-02-01 11:59:00', 400, 0, 0, 400, '信用卡', NULL),
(24, 1, '2024-02-01 11:59:19', 765, 0, 0, 765, '信用卡', NULL),
(25, 6, '2024-02-01 12:00:05', 875, 0, 0, 875, '信用卡', NULL),
(26, 4, '2024-02-01 12:00:48', 235, 0, 0, 235, 'Line_pay', NULL),
(27, 2, '2024-02-01 12:36:00', 315, 0, 0, 315, 'Line_pay', NULL),
(28, 3, '2024-02-01 12:36:52', 800, 0, 0, 800, '信用卡', NULL),
(29, 1, '2024-02-01 12:37:11', 450, 0, 0, 450, 'Line_pay', NULL),
(30, 3, '2024-02-01 12:37:37', 480, 0, 0, 480, 'Line_pay', NULL),
(32, 4, '2024-02-01 16:22:48', 530, 0, 0, 530, '信用卡', NULL),
(34, 27, '2024-02-04 16:31:41', 495, 0, 0, 495, '信用卡', NULL),
(35, 31, '2024-02-04 16:32:32', 450, 0, 0, 450, '信用卡', NULL),
(36, 34, '2024-02-04 16:33:32', 325, 0, 0, 325, '信用卡', NULL),
(37, 33, '2024-02-04 16:34:35', 735, 0, 0, 735, '信用卡', NULL),
(38, 32, '2024-02-04 16:35:34', 500, 0, 0, 500, 'Line_pay', NULL),
(39, 10, '2024-02-04 16:36:31', 495, 0, 0, 495, '信用卡', NULL),
(40, 9, '2024-02-04 16:37:18', 295, 0, 0, 295, 'Line_pay', NULL),
(41, 13, '2024-02-04 16:39:08', 180, 0, 0, 180, '信用卡', NULL),
(42, 15, '2024-02-04 16:39:30', 285, 0, 0, 285, 'Line_pay', NULL),
(43, 24, '2024-02-04 16:40:23', 465, 0, 0, 465, '信用卡', NULL),
(44, 22, '2024-02-04 16:41:31', 455, 0, 0, 455, '信用卡', NULL),
(45, 21, '2024-02-04 16:42:41', 360, 0, 0, 360, 'Line_pay', NULL),
(46, 20, '2024-02-04 16:43:59', 95, 0, 0, 95, '信用卡', NULL),
(47, 19, '2024-02-04 16:46:11', 750, 0, 0, 750, 'Line_pay', NULL),
(48, 18, '2024-02-04 16:46:30', 700, 0, 0, 700, 'Line_pay', NULL),
(49, 17, '2024-02-04 16:46:54', 495, 0, 0, 495, 'Line_pay', NULL),
(50, 16, '2024-02-04 16:47:33', 930, 0, 0, 930, '信用卡', NULL),
(51, 15, '2024-02-04 16:47:52', 705, 0, 0, 705, 'Line_pay', NULL),
(52, 11, '2024-02-04 16:50:26', 1085, 0, 0, 1085, '信用卡', NULL),
(53, 8, '2024-02-04 16:51:07', 495, 0, 0, 495, '信用卡', NULL),
(54, 7, '2024-02-04 17:01:23', 300, 0, 0, 300, '信用卡', NULL),
(55, 3, '2024-02-04 17:02:26', 1600, 0, 0, 1600, 'Line_pay', NULL),
(56, 12, '2024-02-04 17:03:35', 1350, 0, 0, 1350, '信用卡', NULL),
(57, 29, '2024-02-04 17:03:57', 260, 0, 0, 260, 'Line_pay', NULL),
(58, 31, '2024-02-04 17:04:25', 590, 0, 0, 590, 'Line_pay', NULL),
(59, 33, '2024-02-04 17:04:51', 380, 0, 0, 380, '信用卡', NULL),
(60, 20, '2024-02-04 17:06:12', 380, 0, 0, 380, '信用卡', NULL),
(61, 20, '2024-02-04 17:06:15', 380, 0, 0, 380, '信用卡', NULL),
(62, 20, '2024-02-04 17:06:16', 380, 0, 0, 380, '信用卡', NULL),
(63, 10, '2024-02-04 17:06:35', 275, 0, 0, 275, '信用卡', NULL),
(64, 10, '2024-02-04 17:06:37', 275, 0, 0, 275, '信用卡', NULL),
(65, 10, '2024-02-04 17:06:39', 275, 0, 0, 275, '信用卡', NULL),
(66, 27, '2024-02-04 17:07:15', 480, 0, 0, 480, '信用卡', NULL),
(67, 27, '2024-02-04 17:07:17', 480, 0, 0, 480, '信用卡', NULL),
(68, 27, '2024-02-04 17:07:19', 480, 0, 0, 480, '信用卡', NULL),
(69, 27, '2024-02-04 17:07:20', 480, 0, 0, 480, '信用卡', NULL),
(70, 27, '2024-02-04 17:07:22', 480, 0, 0, 480, '信用卡', NULL),
(71, 27, '2024-02-04 17:07:24', 480, 0, 0, 480, '信用卡', NULL),
(72, 24, '2024-02-04 17:07:57', 420, 0, 0, 420, 'Line_pay', NULL),
(73, 24, '2024-02-04 17:07:58', 420, 0, 0, 420, 'Line_pay', NULL),
(74, 24, '2024-02-04 17:08:00', 420, 0, 0, 420, 'Line_pay', NULL),
(75, 24, '2024-02-04 17:08:01', 420, 0, 0, 420, 'Line_pay', NULL),
(76, 24, '2024-02-04 17:08:03', 420, 0, 0, 420, 'Line_pay', NULL),
(77, 24, '2024-02-04 17:08:05', 420, 0, 0, 420, 'Line_pay', NULL),
(78, 22, '2024-02-04 17:08:44', 570, 0, 0, 570, '信用卡', NULL),
(79, 22, '2024-02-04 17:08:46', 570, 0, 0, 570, '信用卡', NULL),
(80, 22, '2024-02-04 17:08:48', 570, 0, 0, 570, '信用卡', NULL),
(81, 22, '2024-02-04 17:08:50', 570, 0, 0, 570, '信用卡', NULL),
(82, 22, '2024-02-04 17:08:52', 570, 0, 0, 570, '信用卡', NULL),
(83, 22, '2024-02-04 17:08:53', 570, 0, 0, 570, '信用卡', NULL),
(84, 22, '2024-02-04 17:08:55', 570, 0, 0, 570, '信用卡', NULL),
(85, 22, '2024-02-04 17:08:56', 570, 0, 0, 570, '信用卡', NULL),
(86, 22, '2024-02-04 17:08:58', 570, 0, 0, 570, '信用卡', NULL),
(87, 6, '2024-02-04 17:09:36', 130, 0, 0, 130, '信用卡', NULL),
(88, 6, '2024-02-04 17:09:38', 130, 0, 0, 130, '信用卡', NULL),
(89, 6, '2024-02-04 17:09:40', 130, 0, 0, 130, '信用卡', NULL),
(90, 6, '2024-02-04 17:09:41', 130, 0, 0, 130, '信用卡', NULL),
(91, 6, '2024-02-04 17:09:43', 130, 0, 0, 130, '信用卡', NULL),
(92, 30, '2024-02-04 19:14:28', 210, 0, 0, 210, 'Line_pay', NULL),
(93, 22, '2024-02-04 19:14:37', 420, 0, 0, 420, '信用卡', NULL),
(94, 14, '2024-02-04 19:14:56', 375, 0, 0, 375, 'Line_pay', NULL),
(95, 25, '2024-02-04 19:15:17', 425, 0, 0, 425, '信用卡', NULL),
(96, 7, '2024-02-04 19:15:31', 525, 0, 0, 525, '信用卡', NULL),
(97, 4, '2024-02-04 19:15:51', 720, 0, 0, 720, '信用卡', NULL),
(98, 5, '2024-02-04 19:16:15', 275, 0, 0, 275, '信用卡', NULL),
(99, 27, '2024-02-04 19:16:31', 425, 0, 0, 425, '信用卡', NULL),
(100, 21, '2024-02-04 19:16:53', 255, 0, 0, 255, 'Line_pay', NULL),
(101, 17, '2024-02-04 19:17:52', 585, 0, 0, 585, '信用卡', NULL),
(102, 33, '2024-02-04 19:18:52', 490, 0, 0, 490, 'Line_pay', NULL),
(103, 31, '2024-02-04 19:19:35', 480, 0, 0, 480, '信用卡', NULL),
(104, 18, '2024-02-04 19:20:03', 525, 0, 0, 525, 'Line_pay', NULL),
(105, 24, '2024-02-04 19:20:49', 345, 0, 0, 345, '信用卡', NULL),
(106, 8, '2024-02-04 19:23:19', 465, 0, 0, 465, 'Line_pay', NULL),
(107, 8, '2024-02-04 19:23:31', 295, 0, 0, 295, 'Line_pay', NULL),
(108, 13, '2024-02-04 19:23:56', 355, 0, 0, 355, '信用卡', NULL),
(109, 28, '2024-02-04 19:24:20', 380, 0, 0, 380, 'Line_pay', NULL),
(110, 25, '2024-02-04 19:26:39', 240, 0, 0, 240, '信用卡', NULL),
(111, 30, '2024-02-04 19:34:19', 405, 0, 0, 405, 'Line_pay', NULL),
(112, 21, '2024-02-04 19:34:41', 660, 0, 0, 660, 'Line_pay', NULL),
(113, 8, '2024-02-04 19:34:54', 250, 0, 0, 250, '信用卡', NULL),
(114, 17, '2024-02-04 19:35:15', 230, 0, 0, 230, '信用卡', NULL),
(115, 22, '2024-02-04 19:35:33', 180, 0, 0, 180, 'Line_pay', NULL),
(116, 28, '2024-02-04 19:35:52', 360, 0, 0, 360, 'Line_pay', NULL),
(117, 20, '2024-02-04 19:36:19', 805, 0, 0, 805, '信用卡', NULL),
(118, 26, '2024-02-04 19:36:42', 320, 0, 0, 320, 'Line_pay', NULL),
(119, 29, '2024-02-04 19:37:06', 365, 0, 0, 365, 'Line_pay', NULL),
(120, 21, '2024-02-04 19:37:31', 575, 0, 0, 575, '信用卡', NULL),
(121, 4, '2024-02-04 19:39:05', 355, 0, 0, 355, 'Line_pay', NULL),
(122, 13, '2024-02-04 19:39:46', 375, 0, 0, 375, '信用卡', NULL),
(123, 26, '2024-02-04 19:41:13', 410, 0, 0, 410, 'Line_pay', NULL),
(124, 28, '2024-02-04 19:41:41', 140, 0, 0, 140, '信用卡', NULL),
(125, 26, '2024-02-04 19:42:00', 1000, 0, 0, 1000, 'Line_pay', NULL),
(126, 24, '2024-02-04 19:42:13', 175, 0, 0, 175, 'Line_pay', NULL),
(127, 6, '2024-02-04 19:42:32', 600, 0, 0, 600, '信用卡', NULL),
(128, 8, '2024-02-04 19:43:24', 735, 0, 0, 735, '信用卡', NULL),
(129, 25, '2024-02-04 19:44:06', 600, 0, 0, 600, 'Line_pay', NULL),
(130, 17, '2024-02-04 19:50:19', 450, 0, 0, 450, 'Line_pay', NULL),
(131, 8, '2024-02-04 19:50:46', 180, 0, 0, 180, '信用卡', NULL),
(132, 23, '2024-02-04 19:51:03', 340, 0, 0, 340, '信用卡', NULL),
(133, 3, '2024-02-04 19:52:41', 460, 0, 0, 460, 'Line_pay', NULL),
(134, 7, '2024-02-04 19:52:59', 170, 0, 0, 170, 'Line_pay', NULL),
(135, 16, '2024-02-04 19:53:24', 320, 0, 0, 320, '信用卡', NULL),
(136, 10, '2024-02-04 19:54:15', 510, 0, 0, 510, 'Line_pay', NULL),
(137, 18, '2024-02-04 19:54:42', 750, 0, 0, 750, '信用卡', NULL),
(138, 28, '2024-02-04 19:55:04', 250, 0, 0, 250, 'Line_pay', NULL),
(139, 20, '2024-02-04 19:55:55', 260, 0, 0, 260, '信用卡', NULL),
(140, 26, '2024-02-04 19:56:13', 235, 0, 0, 235, '信用卡', NULL),
(141, 31, '2024-02-04 19:56:46', 245, 0, 0, 245, 'Line_pay', NULL),
(142, 26, '2024-02-04 19:59:16', 235, 0, 0, 235, '信用卡', NULL),
(143, 25, '2024-02-04 19:59:59', 375, 0, 0, 375, 'Line_pay', NULL),
(144, 28, '2024-02-04 20:00:39', 100, 0, 0, 100, '信用卡', NULL),
(145, 30, '2024-02-04 20:01:00', 275, 0, 0, 275, 'Line_pay', NULL),
(146, 21, '2024-02-04 20:03:52', 250, 0, 0, 250, '信用卡', NULL),
(147, 33, '2024-02-04 20:04:09', 250, 0, 0, 250, 'Line_pay', NULL),
(148, 6, '2024-02-04 20:04:31', 270, 0, 0, 270, '信用卡', NULL),
(149, 25, '2024-02-04 20:06:06', 480, 0, 0, 480, '信用卡', NULL),
(150, 10, '2024-02-04 20:06:23', 180, 0, 0, 180, 'Line_pay', NULL),
(151, 1, '2024-02-04 20:06:49', 120, 0, 0, 120, '信用卡', NULL),
(152, 5, '2024-02-04 20:07:04', 280, 0, 0, 280, 'Line_pay', NULL),
(153, 4, '2024-02-04 20:07:44', 2200, 0, 0, 2200, 'Line_pay', NULL),
(154, 2, '2024-02-04 20:08:19', 660, 0, 0, 660, '信用卡', NULL);

-- --------------------------------------------------------

--
-- 資料表結構 `order_details`
--

CREATE TABLE `order_details` (
  `detail_id` int(11) NOT NULL,
  `order_id` int(11) NOT NULL,
  `product_id` int(11) NOT NULL,
  `order_price` int(11) NOT NULL,
  `order_quantity` int(11) NOT NULL
) ENGINE=InnoDB DEFAULT CHARSET=utf8mb4 COLLATE=utf8mb4_general_ci;

--
-- 傾印資料表的資料 `order_details`
--

INSERT INTO `order_details` (`detail_id`, `order_id`, `product_id`, `order_price`, `order_quantity`) VALUES
(1, 1, 2, 60, 5),
(2, 1, 3, 100, 4),
(3, 1, 4, 60, 8),
(4, 2, 3, 100, 3),
(5, 2, 1, 60, 3),
(6, 3, 6, 50, 10),
(7, 3, 10, 35, 10),
(8, 4, 14, 50, 2),
(9, 4, 15, 45, 2),
(10, 4, 12, 30, 4),
(11, 5, 20, 120, 3),
(12, 5, 19, 30, 6),
(13, 6, 21, 45, 3),
(14, 6, 23, 45, 3),
(15, 6, 22, 30, 3),
(16, 9, 21, 45, 4),
(17, 13, 2, 60, 5),
(18, 13, 3, 100, 8),
(19, 14, 4, 60, 5),
(20, 14, 6, 50, 6),
(21, 14, 2, 60, 4),
(22, 15, 1, 60, 6),
(23, 15, 2, 60, 5),
(24, 16, 30, 110, 4),
(25, 16, 28, 55, 8),
(26, 17, 25, 35, 6),
(27, 17, 26, 120, 3),
(28, 18, 9, 40, 10),
(29, 19, 10, 35, 7),
(30, 20, 27, 35, 3),
(31, 20, 28, 55, 5),
(32, 21, 20, 120, 5),
(33, 21, 19, 30, 5),
(34, 22, 16, 70, 3),
(35, 22, 18, 45, 3),
(36, 23, 11, 35, 5),
(37, 23, 7, 45, 5),
(38, 24, 21, 45, 8),
(39, 24, 15, 45, 9),
(40, 25, 23, 45, 5),
(41, 25, 24, 130, 5),
(42, 26, 25, 35, 3),
(43, 26, 24, 130, 1),
(44, 27, 10, 35, 3),
(45, 27, 16, 70, 3),
(46, 28, 3, 100, 5),
(47, 28, 1, 60, 5),
(48, 29, 4, 60, 5),
(49, 29, 5, 50, 3),
(50, 30, 1, 60, 3),
(51, 30, 3, 100, 3),
(53, 32, 5, 50, 5),
(54, 32, 9, 40, 7),
(57, 34, 8, 75, 5),
(58, 34, 9, 40, 3),
(59, 35, 18, 45, 10),
(60, 36, 11, 35, 5),
(61, 36, 12, 30, 5),
(62, 37, 20, 120, 5),
(63, 37, 21, 45, 3),
(64, 38, 16, 70, 5),
(65, 38, 19, 30, 5),
(66, 39, 25, 35, 3),
(67, 39, 24, 130, 3),
(68, 40, 23, 45, 5),
(69, 40, 25, 35, 2),
(70, 41, 27, 35, 2),
(71, 41, 28, 55, 2),
(72, 42, 19, 30, 5),
(73, 42, 18, 45, 3),
(74, 43, 26, 120, 3),
(75, 43, 25, 35, 3),
(76, 44, 17, 55, 5),
(77, 44, 19, 30, 6),
(78, 45, 8, 75, 3),
(79, 45, 7, 45, 3),
(80, 46, 11, 35, 1),
(81, 46, 12, 30, 1),
(82, 46, 19, 30, 1),
(83, 47, 9, 40, 5),
(84, 47, 10, 35, 5),
(85, 47, 12, 30, 5),
(86, 47, 15, 45, 5),
(87, 48, 16, 70, 10),
(88, 49, 24, 130, 3),
(89, 49, 25, 35, 3),
(90, 50, 30, 110, 3),
(91, 50, 29, 60, 10),
(92, 51, 26, 120, 5),
(93, 51, 27, 35, 3),
(94, 52, 26, 120, 7),
(95, 52, 25, 35, 7),
(96, 53, 22, 30, 9),
(97, 53, 21, 45, 5),
(98, 54, 12, 30, 10),
(99, 55, 14, 50, 10),
(100, 55, 15, 45, 10),
(101, 55, 12, 30, 10),
(102, 55, 16, 70, 5),
(103, 56, 20, 120, 10),
(104, 56, 19, 30, 5),
(105, 57, 9, 40, 5),
(106, 57, 19, 30, 2),
(107, 58, 26, 120, 4),
(108, 58, 30, 110, 1),
(109, 59, 15, 45, 4),
(110, 59, 13, 50, 4),
(111, 60, 15, 45, 4),
(112, 60, 13, 50, 4),
(113, 61, 15, 45, 4),
(114, 61, 13, 50, 4),
(115, 62, 15, 45, 4),
(116, 62, 13, 50, 4),
(117, 63, 15, 45, 3),
(118, 63, 16, 70, 2),
(119, 64, 15, 45, 3),
(120, 64, 16, 70, 2),
(121, 65, 15, 45, 3),
(122, 65, 16, 70, 2),
(123, 66, 4, 60, 3),
(124, 66, 3, 100, 3),
(125, 67, 4, 60, 3),
(126, 67, 3, 100, 3),
(127, 68, 4, 60, 3),
(128, 68, 3, 100, 3),
(129, 69, 4, 60, 3),
(130, 69, 3, 100, 3),
(131, 70, 4, 60, 3),
(132, 70, 3, 100, 3),
(133, 71, 4, 60, 3),
(134, 71, 3, 100, 3),
(135, 72, 2, 60, 3),
(136, 72, 4, 60, 4),
(137, 73, 2, 60, 3),
(138, 73, 4, 60, 4),
(139, 74, 2, 60, 3),
(140, 74, 4, 60, 4),
(141, 75, 2, 60, 3),
(142, 75, 4, 60, 4),
(143, 76, 2, 60, 3),
(144, 76, 4, 60, 4),
(145, 77, 2, 60, 3),
(146, 77, 4, 60, 4),
(147, 78, 2, 60, 3),
(148, 78, 4, 60, 4),
(149, 78, 19, 30, 5),
(150, 79, 2, 60, 3),
(151, 79, 4, 60, 4),
(152, 79, 19, 30, 5),
(153, 80, 2, 60, 3),
(154, 80, 4, 60, 4),
(155, 80, 19, 30, 5),
(156, 81, 2, 60, 3),
(157, 81, 4, 60, 4),
(158, 81, 19, 30, 5),
(159, 82, 2, 60, 3),
(160, 82, 4, 60, 4),
(161, 82, 19, 30, 5),
(162, 83, 2, 60, 3),
(163, 83, 4, 60, 4),
(164, 83, 19, 30, 5),
(165, 84, 2, 60, 3),
(166, 84, 4, 60, 4),
(167, 84, 19, 30, 5),
(168, 85, 2, 60, 3),
(169, 85, 4, 60, 4),
(170, 85, 19, 30, 5),
(171, 86, 2, 60, 3),
(172, 86, 4, 60, 4),
(173, 86, 19, 30, 5),
(174, 87, 13, 50, 1),
(175, 87, 14, 50, 1),
(176, 87, 12, 30, 1),
(177, 88, 13, 50, 1),
(178, 88, 14, 50, 1),
(179, 88, 12, 30, 1),
(180, 89, 13, 50, 1),
(181, 89, 14, 50, 1),
(182, 89, 12, 30, 1),
(183, 90, 13, 50, 1),
(184, 90, 14, 50, 1),
(185, 90, 12, 30, 1),
(186, 91, 13, 50, 1),
(187, 91, 14, 50, 1),
(188, 91, 12, 30, 1),
(189, 92, 10, 35, 6),
(190, 93, 16, 70, 6),
(191, 94, 6, 50, 3),
(192, 94, 8, 75, 3),
(193, 95, 14, 50, 5),
(194, 95, 11, 35, 5),
(195, 96, 3, 100, 3),
(196, 96, 15, 45, 5),
(197, 97, 1, 60, 5),
(198, 97, 4, 60, 7),
(199, 98, 11, 35, 4),
(200, 98, 15, 45, 3),
(201, 99, 5, 50, 4),
(202, 99, 8, 75, 3),
(203, 100, 12, 30, 5),
(204, 100, 10, 35, 3),
(205, 101, 8, 75, 3),
(206, 101, 6, 50, 5),
(207, 101, 17, 55, 2),
(208, 102, 12, 30, 5),
(209, 102, 4, 60, 4),
(210, 102, 13, 50, 2),
(211, 103, 2, 60, 3),
(212, 103, 3, 100, 3),
(213, 104, 7, 45, 5),
(214, 104, 6, 50, 6),
(215, 105, 18, 45, 3),
(216, 105, 16, 70, 3),
(217, 106, 20, 120, 3),
(218, 106, 11, 35, 3),
(219, 107, 9, 40, 4),
(220, 107, 15, 45, 3),
(221, 108, 17, 55, 4),
(222, 108, 18, 45, 3),
(223, 109, 11, 35, 4),
(224, 109, 4, 60, 4),
(225, 110, 22, 30, 3),
(226, 110, 19, 30, 5),
(227, 111, 25, 35, 3),
(228, 111, 13, 50, 6),
(229, 112, 20, 120, 3),
(230, 112, 17, 55, 3),
(231, 112, 18, 45, 3),
(232, 113, 5, 50, 5),
(233, 114, 11, 35, 4),
(234, 114, 12, 30, 3),
(235, 115, 18, 45, 2),
(236, 115, 15, 45, 2),
(237, 116, 14, 50, 4),
(238, 116, 9, 40, 4),
(239, 117, 16, 70, 7),
(240, 117, 18, 45, 7),
(241, 118, 23, 45, 4),
(242, 118, 10, 35, 4),
(243, 119, 24, 130, 2),
(244, 119, 25, 35, 3),
(245, 120, 29, 60, 5),
(246, 120, 28, 55, 5),
(247, 121, 10, 35, 5),
(248, 121, 18, 45, 4),
(249, 122, 15, 45, 3),
(250, 122, 14, 50, 2),
(251, 122, 16, 70, 2),
(252, 123, 6, 50, 4),
(253, 123, 16, 70, 3),
(254, 124, 9, 40, 2),
(255, 124, 12, 30, 2),
(256, 125, 3, 100, 10),
(257, 126, 10, 35, 5),
(258, 127, 20, 120, 5),
(259, 128, 22, 30, 5),
(260, 128, 23, 45, 5),
(261, 128, 26, 120, 3),
(262, 129, 26, 120, 3),
(263, 129, 6, 50, 3),
(264, 129, 21, 45, 2),
(265, 130, 10, 35, 5),
(266, 130, 17, 55, 5),
(267, 131, 18, 45, 2),
(268, 131, 21, 45, 2),
(269, 132, 13, 50, 4),
(270, 132, 25, 35, 4),
(271, 133, 18, 45, 4),
(272, 133, 16, 70, 4),
(273, 134, 11, 35, 2),
(274, 134, 6, 50, 2),
(275, 135, 21, 45, 4),
(276, 135, 10, 35, 4),
(277, 136, 26, 120, 3),
(278, 136, 13, 50, 3),
(279, 137, 20, 120, 5),
(280, 137, 19, 30, 5),
(281, 138, 5, 50, 3),
(282, 138, 13, 50, 2),
(283, 139, 3, 100, 2),
(284, 139, 1, 60, 1),
(285, 140, 7, 45, 3),
(286, 140, 6, 50, 2),
(287, 141, 17, 55, 3),
(288, 141, 9, 40, 2),
(289, 142, 23, 45, 3),
(290, 142, 14, 50, 2),
(291, 143, 21, 45, 3),
(292, 143, 20, 120, 2),
(293, 144, 13, 50, 1),
(294, 144, 14, 50, 1),
(295, 145, 17, 55, 5),
(296, 146, 5, 50, 3),
(297, 146, 13, 50, 2),
(298, 147, 5, 50, 2),
(299, 147, 13, 50, 2),
(300, 147, 14, 50, 1),
(301, 148, 11, 35, 3),
(302, 148, 15, 45, 3),
(303, 148, 19, 30, 1),
(304, 149, 22, 30, 4),
(305, 149, 20, 120, 3),
(306, 150, 27, 35, 2),
(307, 150, 30, 110, 1),
(308, 151, 29, 60, 1),
(309, 151, 22, 30, 2),
(310, 152, 16, 70, 3),
(311, 152, 10, 35, 2),
(312, 153, 3, 100, 10),
(313, 153, 2, 60, 20),
(314, 154, 13, 50, 6),
(315, 154, 19, 30, 5),
(316, 154, 27, 35, 6);

-- --------------------------------------------------------

--
-- 資料表結構 `products`
--

CREATE TABLE `products` (
  `product_id` int(11) NOT NULL,
  `category` varchar(255) DEFAULT NULL,
  `product_name` varchar(255) NOT NULL,
  `product_description` text DEFAULT NULL,
  `image_url` varchar(255) DEFAULT NULL,
  `price` int(20) NOT NULL,
  `stock_quantity` int(11) NOT NULL,
  `listing_date` date NOT NULL DEFAULT current_timestamp(),
  `status` varchar(50) NOT NULL,
  `seller_id` int(11) DEFAULT NULL,
  `points_price` int(11) DEFAULT NULL,
  `category_id` int(11) DEFAULT NULL
) ENGINE=InnoDB DEFAULT CHARSET=utf8mb4 COLLATE=utf8mb4_general_ci;

--
-- 傾印資料表的資料 `products`
--

INSERT INTO `products` (`product_id`, `category`, `product_name`, `product_description`, `image_url`, `price`, `stock_quantity`, `listing_date`, `status`, `seller_id`, `points_price`, `category_id`) VALUES
(1, '點心', '可麗餅', '酥脆可口的可麗餅', '1_可麗餅.png 的副本.png', 90, 51, '2024-01-08', '上架中', 1, 60, 1),
(2, '飲料', '珍珠奶茶', '香濃奶茶搭配Q彈珍珠', '2_珍珠奶茶.png 的副本.png', 60, 80, '2024-01-21', '上架中', 1, 55, 2),
(3, '小吃', '雞排', '酥脆美味的雞排', '3_雞排.png 的副本.png', 100, 60, '2024-01-21', '上架中', 1, 70, 5),
(4, '飲料', '木瓜牛奶', '香濃牛奶搭配新鮮木瓜', '4_木瓜牛奶.png 的副本.png', 60, 75, '2024-01-21', '上架中', 1, 60, 2),
(5, '小吃', '蚵仔煎', '酥脆美味的台灣小吃', '5_蚵仔煎.png 的副本.png', 50, 40, '2024-01-21', '上架中', 1, 80, 5),
(6, '主食', '火雞肉飯', '美味的火雞肉搭配香噴噴的白飯', '6_火雞肉飯.png 的副本.png', 50, 55, '2024-01-21', '上架中', 2, 65, 6),
(7, '主食', '鱔魚意麵', '美味的鱔魚搭配暖呼呼的意麵', '7_鱔魚意麵.png 的副本.png', 45, 30, '2024-01-21', '上架中', 2, 90, 6),
(8, '小吃', '棺材板', '多種配料的美味烤吐司', '8_棺材板.png 的副本.png', 75, 45, '2024-01-21', '上架中', 2, 70, 5),
(9, '小吃', '潤餅', '台灣傳統美食，薄餅包裹豐富的內餡', '9_潤餅.PNG 的副本.png', 40, 65, '2024-01-21', '上架中', 2, 60, 5),
(10, '點心', '車輪餅', '外酥內軟的台灣傳統點心', '10_車輪餅.PNG 的副本.png', 35, 55, '2024-01-21', '上架中', 2, 50, 1),
(11, '點心', '筒仔米糕', '傳統台灣米糕，美味可口', '11_筒仔米糕.PNG 的副本.png', 35, 70, '2024-01-21', '上架中', 3, 40, 1),
(12, '點心', '黑糖糕', '香甜可口的黑糖糕點心', '12_黑糖糕.PNG 的副本.png', 30, 60, '2024-01-21', '上架中', 3, 45, 1),
(13, '主食', '滷肉飯', '美味的滷肉飯，香氣四溢', '13_滷肉飯.png 的副本.png', 50, 50, '2024-01-21', '上架中', 3, 70, 6),
(14, '湯品', '土魠魚羹', '清爽美味的土魠魚羹湯品', '14_土魠魚羹.png 的副本.png', 50, 40, '2024-01-21', '上架中', 3, 55, 4),
(15, '小吃', '刈包', '台灣傳統美味小吃，虎咬豬，多種配料搭配口感獨特的麵皮', '15_刈包.png 的副本.png', 45, 45, '2024-01-21', '上架中', 3, 75, 5),
(16, '點心', '小籠包', '鮮美的小籠包，湯汁豐富', '16_小籠包.png 的副本.png', 70, 35, '2024-01-21', '上架中', 4, 85, 1),
(17, '小吃', '大腸包小腸', '像熱狗般的「雙腸」組合，讓你每一口都充滿驚奇', '17_大腸包小腸.png 的副本.png', 55, 50, '2024-01-21', '上架中', 4, 65, 5),
(18, '小吃', '臭豆腐', '風靡夜市的台灣特色小吃，炸到金黃香酥的臭豆腐，淋上帶有甜味的蒜蓉醬再搭泡菜後爆表好吃', '18_臭豆腐.png 的副本.png', 45, 40, '2024-01-21', '上架中', 4, 55, 5),
(19, '甜品', '豆花', '清涼爽口，入口即化的豆花 ', '19_豆花.png 的副本.png', 30, 60, '2024-01-21', '上架中', 4, 45, 3),
(20, '主食', '鹽酥雞', '雞肉外脆內嫩的鮮嫩口感，加上獨特的香料調味和配方使每一口都充滿風味，更有九層塔、生蒜碎等，一口咬下鹹香夠味的好滋味，加上多層次的調味，讓人一吃就著迷，忍不住一口接著一口吃不停。', '20_鹽酥雞.png 的副本.png', 120, 50, '2024-01-21', '上架中', 4, 70, 6),
(21, '點心', '地瓜球', '甜蜜美味的地瓜球點心', '21_地瓜球.png 的副本.png', 45, 60, '2024-01-21', '上架中', 5, 45, 1),
(22, '點心', '白糖粿', '由糯米糰製成的白糖粿，油炸過後，熱熱的沾上白糖、花生粉吃，外酥內軟非常好吃', '22_白糖粿.png 的副本.png', 30, 55, '2024-01-21', '上架中', 5, 50, 1),
(23, '主食', '營養三明治', '炸得金黃酥脆的麵包，配上滷蛋、火腿、黃瓜、番茄等內餡，再擠上重頭戲、濃郁的美乃滋，一口咬下，唇齒留香', '23_營養三明治.png 的副本.png', 45, 40, '2024-01-21', '上架中', 5, 80, 6),
(24, '主食', '天婦羅', '日式炸物，外酥內嫩', '24_天婦羅.png 的副本.png', 130, 35, '2024-01-21', '上架中', 5, 85, 6),
(25, '湯品', '肉羹湯', '滑順的羹湯搭配各種脆口的食材，肉條經過香辛料、金黃蒜油裹粉醃漬燙過，口感軟嫩、蒜味濃郁，濃郁的香菇風味使柴魚湯底層次更濃厚豐富！每一口都是滿滿的台灣味', '26_肉羹湯.png 的副本.png', 35, 45, '2024-01-21', '上架中', 5, 65, 4),
(26, '主食', '夜市牛排', '入口即化的牛肉、現炒鐵板麵淋上蘑菇醬、佐營養三色豆，加上一顆生雞蛋，半熟吃實在美味', '27_夜市牛排.png 的副本.png', 120, 30, '2024-01-21', '上架中', 1, 120, 6),
(27, '甜品', '糖葫蘆', '番茄、草莓等食材，外成裹上一層糖衣，吃起來酸甜可口', '28_糖葫蘆.png 的副本.png', 35, 50, '2024-01-21', '上架中', 2, 35, 3),
(28, '小吃', '蔥油餅', '青蔥香氣四溢，配上酥脆有嚼勁的金黃色的餅皮', '29_蔥油餅.png 的副本.png', 55, 55, '2024-01-21', '上架中', 3, 50, 5),
(29, '湯品', '蚵仔麵線', '鮮美的蚵仔配上細緻的麵線湯', '30_蚵仔麵線.png 的副本.png', 60, 40, '2024-01-21', '上架中', 4, 75, 4),
(30, '甜品', '芒果冰', '新鮮芒果搭配豐富配料的冰品', '25_芒果冰.png 的副本.png', 110, 50, '2024-01-21', '上架中', 5, 65, 3),
(46, '飲料', '立頓奶茶', '我很甜\r\n', 'favicon.png', 15, 150, '2024-02-04', '', NULL, NULL, NULL),
(47, '湯品', '立頓奶茶', '我超甜', 'b63410eeb4d41788d092f6774bb238a58a933dc9.png', 50, 50, '2024-02-04', '', NULL, NULL, NULL);

-- --------------------------------------------------------

--
-- 資料表結構 `product_categories`
--

CREATE TABLE `product_categories` (
  `category_id` int(11) NOT NULL,
  `category_name` varchar(255) DEFAULT NULL
) ENGINE=InnoDB DEFAULT CHARSET=utf8mb4 COLLATE=utf8mb4_general_ci;

--
-- 傾印資料表的資料 `product_categories`
--

INSERT INTO `product_categories` (`category_id`, `category_name`) VALUES
(1, '點心'),
(2, '飲料'),
(3, '甜品'),
(4, '湯品'),
(5, '小吃'),
(6, '主食');

-- --------------------------------------------------------

--
-- 資料表結構 `sellers`
--

CREATE TABLE `sellers` (
  `seller_id` int(11) NOT NULL,
  `name` varchar(255) NOT NULL,
  `company_name` varchar(255) DEFAULT NULL,
  `email` varchar(255) NOT NULL,
  `address` text DEFAULT NULL,
  `image_url` varchar(255) DEFAULT NULL,
  `introduction` text DEFAULT NULL,
  `phone` varchar(20) DEFAULT NULL,
  `business_hours_start` time DEFAULT NULL,
  `business_hours_end` time DEFAULT NULL,
  `created_at` timestamp NOT NULL DEFAULT current_timestamp()
) ENGINE=InnoDB DEFAULT CHARSET=utf8mb4 COLLATE=utf8mb4_general_ci;

--
-- 傾印資料表的資料 `sellers`
--

INSERT INTO `sellers` (`seller_id`, `name`, `company_name`, `email`, `address`, `image_url`, `introduction`, `phone`, `business_hours_start`, `business_hours_end`, `created_at`) VALUES
(1, '陳小吃攤', '台灣美食有限公司', 'chenxiaochitan@example.com', '台北市夜市區1號攤位', 'https://example.com/chenxiaochi.jpg', '歡迎品嚐我們的美味夜市小吃。', '2', '05:00:00', '22:00:00', '2024-01-29 06:02:53'),
(2, '林小吃攤', '夜市好味有限公司', 'linxiaochitan@example.com', '台中市夜市區2號攤位', 'https://example.com/linxiaochi.jpg', '專業製作各種美味小吃，品質保證。', '4', '05:00:00', '22:00:00', '2024-01-29 06:02:53'),
(3, '張小吃攤', '夜市好味小吃有限公司', 'zhangxiaochitan@example.com', '高雄市夜市區3號攤位', 'https://example.com/zhangxiaochi.jpg', '新鮮食材，美味可口，歡迎光臨。', '72322', '00:00:00', '00:00:00', '2024-01-29 06:02:53'),
(4, '李小吃攤', '夜市好味生活有限公司', 'lixiaochitan@example.com', '新竹市夜市區4號攤位', 'https://example.com/lixiaochi.jpg', '提供健康美味的夜市小吃，您的首選。', '3', '05:00:00', '22:00:00', '2024-01-29 06:02:53'),
(5, '吳小吃攤', '夜市美食樂活有限公司', 'wuxiaochitan@example.com', '彰化市夜市區5號攤位', 'https://example.com/wuxiaochi.jpg', '用心烹飪，樂活美食，歡迎品嚐。', '4', '00:00:13', '00:00:15', '2024-01-29 06:02:53'),
(2299, '攤位名稱', '攤位名稱', '231@gmail.com', '攤位名稱', 'C:\\xampp\\htdocs\\myphp\\SP copy\\seller/uploadSeller/65bbb8e17391a_73320844_p0.jpg', '攤位名稱攤位名稱', '0987654321', '12:00:00', '19:00:00', '2024-02-01 15:29:37'),
(2300, '攤位名稱', '攤位名稱', '231@gmail.com', '攤位名稱', 'C:\\xampp\\htdocs\\myphp\\SP copy\\seller/uploadSeller/65bbb8e51d181_73320844_p0.jpg', '攤位名稱攤位名稱', '0987654321', '12:00:00', '19:00:00', '2024-02-01 15:29:41'),
(2301, '增資', '增資增資', '213@gmail.com', '增資', 'C:\\xampp\\htdocs\\myphp\\SP copy\\seller/uploadSeller/65bbba94b6e1d_73320844_p0.jpg', '增資增資', '0987654321', '09:00:00', '18:00:00', '2024-02-01 15:36:52'),
(2302, '增資', '增資增資', '213@gmail.com', '增資', 'C:\\xampp\\htdocs\\myphp\\SP copy\\seller/uploadSeller/65bbbc2e236dd_73320844_p0.jpg', '增資增資', '0987654321', '00:00:18', '00:00:19', '2024-02-01 15:43:42'),
(2303, '位名稱位名稱', '位名稱位名稱', '123e@gmaiil.com', '位名稱位名稱', 'C:\\xampp\\htdocs\\myphp\\SP copy\\seller/uploadSeller/65bbbc62594fe_73320844_p0.jpg', '位名稱位名稱位名稱', '0976332123', '18:00:00', '19:00:00', '2024-02-01 15:44:34'),
(2304, '新增資料', '新增資料', '123@gmail.com', '新增資料新增資料', 'C:\\xampp\\htdocs\\myphp\\SP copy\\seller/uploadSeller/65bbbfb54f823_73320844_p0.jpg', '新增資料', '0987654321', '00:00:12', '00:00:18', '2024-02-01 15:58:45'),
(2308, '攤位名稱', '公司名稱', 'texe@gmail.com', '攤位地址', 'example.PNG', '攤位地址攤位簡介', '0987654321', '00:00:00', '00:00:00', '2024-02-02 09:36:27'),
(2309, 'aaa', 'aaa', 'ddd@g.com', 'aaa', 'favicon.png', 'aaa', '0987654321', '17:00:00', '23:00:00', '2024-02-05 01:54:35');

-- --------------------------------------------------------

--
-- 資料表結構 `seller_accounts`
--

CREATE TABLE `seller_accounts` (
  `seller_id` int(11) NOT NULL,
  `username` varchar(255) NOT NULL,
  `password` varchar(255) NOT NULL
) ENGINE=InnoDB DEFAULT CHARSET=utf8mb4 COLLATE=utf8mb4_general_ci;

--
-- 傾印資料表的資料 `seller_accounts`
--

INSERT INTO `seller_accounts` (`seller_id`, `username`, `password`) VALUES
(1, 'seller1_username', 'seller1_password'),
(2, 'seller2_username', 'seller2_password'),
(3, 'seller3_username', 'seller3_password'),
(4, 'seller4_username', 'seller4_password'),
(5, 'seller5_username', 'seller5_password');

-- --------------------------------------------------------

--
-- 資料表結構 `sub_comment`
--

CREATE TABLE `sub_comment` (
  `sub_id` int(30) NOT NULL,
  `merchant_id` int(30) NOT NULL,
  `comment_id` int(30) NOT NULL,
  `content` varchar(100) NOT NULL,
  `date` date NOT NULL
) ENGINE=InnoDB DEFAULT CHARSET=utf8 COLLATE=utf8_general_ci;

--
-- 傾印資料表的資料 `sub_comment`
--

INSERT INTO `sub_comment` (`sub_id`, `merchant_id`, `comment_id`, `content`, `date`) VALUES
(1, 7, 14, '謝謝您喜歡春秋的服務，期待您的再度光臨^^', '2020-11-15'),
(2, 27, 15, '不好意思照成妳的不愉快\r\n當日已告知店員並加強人員服務訓練\r\n萬分真誠的向妳道歉', '2023-02-28'),
(3, 9, 2, '謝謝您的蒞臨與喜愛，全體同仁十分榮幸能為您創造如此愉悅的體驗，並竭誠期待很快能再為您服務～', '2023-08-29'),
(4, 7, 12, '謝謝您喜歡春秋的服務，期待您的再度光臨^^', '2023-10-20'),
(5, 9, 11, '謝謝您的蒞臨與喜愛，全體同仁十分榮幸能為您創造如此愉悅的體驗，並竭誠期待很快能再為您服務～', '2023-05-25'),
(6, 10, 21, '謝謝您的蒞臨與喜愛', '2023-07-02');

--
-- 已傾印資料表的索引
--

--
-- 資料表索引 `ad_auto_close`
--
ALTER TABLE `ad_auto_close`
  ADD KEY `record_id` (`record_id`),
  ADD KEY `ad_id` (`ad_id`);

--
-- 資料表索引 `ad_price`
--
ALTER TABLE `ad_price`
  ADD PRIMARY KEY (`ad_id`) USING BTREE;

--
-- 資料表索引 `ad_record`
--
ALTER TABLE `ad_record`
  ADD PRIMARY KEY (`record_id`),
  ADD KEY `ad_id` (`ad_id`);

--
-- 資料表索引 `comment`
--
ALTER TABLE `comment`
  ADD PRIMARY KEY (`comment_id`);

--
-- 資料表索引 `comment_image`
--
ALTER TABLE `comment_image`
  ADD PRIMARY KEY (`image_id`),
  ADD KEY `comment_id` (`comment_id`);

--
-- 資料表索引 `custom`
--
ALTER TABLE `custom`
  ADD PRIMARY KEY (`custom_Id`);

--
-- 資料表索引 `custom_bg`
--
ALTER TABLE `custom_bg`
  ADD PRIMARY KEY (`bg_id`);

--
-- 資料表索引 `good`
--
ALTER TABLE `good`
  ADD PRIMARY KEY (`good_id`),
  ADD KEY `comment_id` (`comment_id`);

--
-- 資料表索引 `orders`
--
ALTER TABLE `orders`
  ADD PRIMARY KEY (`order_id`);

--
-- 資料表索引 `order_details`
--
ALTER TABLE `order_details`
  ADD PRIMARY KEY (`detail_id`);

--
-- 資料表索引 `products`
--
ALTER TABLE `products`
  ADD PRIMARY KEY (`product_id`),
  ADD KEY `seller_id` (`seller_id`),
  ADD KEY `category_id` (`category_id`);

--
-- 資料表索引 `product_categories`
--
ALTER TABLE `product_categories`
  ADD PRIMARY KEY (`category_id`);

--
-- 資料表索引 `sellers`
--
ALTER TABLE `sellers`
  ADD PRIMARY KEY (`seller_id`);

--
-- 資料表索引 `seller_accounts`
--
ALTER TABLE `seller_accounts`
  ADD PRIMARY KEY (`seller_id`);

--
-- 資料表索引 `sub_comment`
--
ALTER TABLE `sub_comment`
  ADD PRIMARY KEY (`sub_id`),
  ADD KEY `comment_id` (`comment_id`);

--
-- 在傾印的資料表使用自動遞增(AUTO_INCREMENT)
--

--
-- 使用資料表自動遞增(AUTO_INCREMENT) `ad_record`
--
ALTER TABLE `ad_record`
  MODIFY `record_id` int(30) NOT NULL AUTO_INCREMENT, AUTO_INCREMENT=26;

--
-- 使用資料表自動遞增(AUTO_INCREMENT) `comment`
--
ALTER TABLE `comment`
  MODIFY `comment_id` int(100) NOT NULL AUTO_INCREMENT, AUTO_INCREMENT=37;

--
-- 使用資料表自動遞增(AUTO_INCREMENT) `comment_image`
--
ALTER TABLE `comment_image`
  MODIFY `image_id` int(30) NOT NULL AUTO_INCREMENT, AUTO_INCREMENT=12;

--
-- 使用資料表自動遞增(AUTO_INCREMENT) `custom`
--
ALTER TABLE `custom`
  MODIFY `custom_Id` int(11) NOT NULL AUTO_INCREMENT, AUTO_INCREMENT=35;

--
-- 使用資料表自動遞增(AUTO_INCREMENT) `custom_bg`
--
ALTER TABLE `custom_bg`
  MODIFY `bg_id` int(11) NOT NULL AUTO_INCREMENT, AUTO_INCREMENT=5;

--
-- 使用資料表自動遞增(AUTO_INCREMENT) `good`
--
ALTER TABLE `good`
  MODIFY `good_id` int(30) NOT NULL AUTO_INCREMENT, AUTO_INCREMENT=10;

--
-- 使用資料表自動遞增(AUTO_INCREMENT) `orders`
--
ALTER TABLE `orders`
  MODIFY `order_id` int(11) NOT NULL AUTO_INCREMENT, AUTO_INCREMENT=156;

--
-- 使用資料表自動遞增(AUTO_INCREMENT) `order_details`
--
ALTER TABLE `order_details`
  MODIFY `detail_id` int(11) NOT NULL AUTO_INCREMENT, AUTO_INCREMENT=318;

--
-- 使用資料表自動遞增(AUTO_INCREMENT) `products`
--
ALTER TABLE `products`
  MODIFY `product_id` int(11) NOT NULL AUTO_INCREMENT, AUTO_INCREMENT=48;

--
-- 使用資料表自動遞增(AUTO_INCREMENT) `sellers`
--
ALTER TABLE `sellers`
  MODIFY `seller_id` int(11) NOT NULL AUTO_INCREMENT, AUTO_INCREMENT=2310;

--
-- 使用資料表自動遞增(AUTO_INCREMENT) `sub_comment`
--
ALTER TABLE `sub_comment`
  MODIFY `sub_id` int(30) NOT NULL AUTO_INCREMENT, AUTO_INCREMENT=7;

--
-- 已傾印資料表的限制式
--

--
-- 資料表的限制式 `ad_auto_close`
--
ALTER TABLE `ad_auto_close`
  ADD CONSTRAINT `ad_auto_close_ibfk_1` FOREIGN KEY (`record_id`) REFERENCES `ad_record` (`record_id`) ON DELETE CASCADE ON UPDATE CASCADE,
  ADD CONSTRAINT `ad_auto_close_ibfk_2` FOREIGN KEY (`ad_id`) REFERENCES `ad_price` (`ad_id`) ON DELETE CASCADE ON UPDATE CASCADE;

--
-- 資料表的限制式 `ad_record`
--
ALTER TABLE `ad_record`
  ADD CONSTRAINT `ad_record_ibfk_1` FOREIGN KEY (`ad_id`) REFERENCES `ad_price` (`ad_id`) ON DELETE CASCADE ON UPDATE CASCADE;

--
-- 資料表的限制式 `comment_image`
--
ALTER TABLE `comment_image`
  ADD CONSTRAINT `comment_image_ibfk_1` FOREIGN KEY (`comment_id`) REFERENCES `comment` (`comment_id`) ON DELETE CASCADE ON UPDATE CASCADE;

--
-- 資料表的限制式 `good`
--
ALTER TABLE `good`
  ADD CONSTRAINT `good_ibfk_1` FOREIGN KEY (`comment_id`) REFERENCES `comment` (`comment_id`) ON DELETE CASCADE ON UPDATE CASCADE;

--
-- 資料表的限制式 `products`
--
ALTER TABLE `products`
  ADD CONSTRAINT `products_ibfk_1` FOREIGN KEY (`seller_id`) REFERENCES `sellers` (`seller_id`),
  ADD CONSTRAINT `products_ibfk_2` FOREIGN KEY (`category_id`) REFERENCES `product_categories` (`category_id`);

--
-- 資料表的限制式 `seller_accounts`
--
ALTER TABLE `seller_accounts`
  ADD CONSTRAINT `seller_accounts_ibfk_1` FOREIGN KEY (`seller_id`) REFERENCES `sellers` (`seller_id`);

--
-- 資料表的限制式 `sub_comment`
--
ALTER TABLE `sub_comment`
  ADD CONSTRAINT `sub_comment_ibfk_1` FOREIGN KEY (`comment_id`) REFERENCES `comment` (`comment_id`) ON DELETE CASCADE ON UPDATE CASCADE;
COMMIT;

/*!40101 SET CHARACTER_SET_CLIENT=@OLD_CHARACTER_SET_CLIENT */;
/*!40101 SET CHARACTER_SET_RESULTS=@OLD_CHARACTER_SET_RESULTS */;
/*!40101 SET COLLATION_CONNECTION=@OLD_COLLATION_CONNECTION */;
